'Ellen Webster', '2011', '2021'
'Nicolas Wise', '2013', '2019'
'Stuart Roberts', '2012', '2017'
'Guillermo Herrera', '2014', '2015'
'Leigh Middleton', '2014', '2017'
'Benny Grey', '2015', '2016'
'Aurora Owens', '2015', '2016'
'Yvette Witt', '2011', '2020'
'Rodney Burns', '2011', '2019'
'Antoinette Stuart', '2015', '2021'
'Alexander Brooks', '2019', '2020'
'Glenn Brown', '2016', '2018'
'Charlotte Crowley', '2015', '2021'
'Kelley Swift', '2016', '2017'
'Nicolas Wise', '2010', '2012'
'Stella Curtis', '2011', '2012'
'Norma Frank', '2020', '2021'
'Kerry Hensley', '2019', '2020'
'Mitchell Bruce', '2017', '2019'
'Christie Choi', '2013', '2014'
'Stella Curtis', '2010', '2014'
'Debbie Conley', '2011', '2013'
'Frances Schneider', '2010', '2021'
'Jordan Frey', '2013', '2017'
'Glenn Brown', '2012', '2020'
'Jeannie Russell', '2013', '2014'
'Helen Keith', '2015', '2021'
'Angelina Blake', '2015', '2019'
'Valerie Wilcox', '2016', '2021'
'Israel Pearson', '2016', '2021'
'Sam Haynes', '2010', '2020'
'Mattie Blevins', '2010', '2015'
'Norma Frank', '2015', '2021'
'Kris Dale', '2011', '2012'
'Bruce Ferguson', '2012', '2018'
'Stella Anderson', '2012', '2019'
'Lynn McCabe', '2014', '2016'
'Bryan Whitney', '2011', '2015'
'Rebekah Neal', '2010', '2020'
'Casey Jenkins', '2010', '2013'
'Kristi Sargent', '2015', '2017'
'Tyrone Costa', '2018', '2019'
'Fernando Burgess', '2017', '2019'
'June Riddle', '2010', '2013'
'Marty McKenzie', '2012', '2020'
'Noel Sanders', '2014', '2018'
'Andy Solomon', '2014', '2018'
'Norma Frank', '2011', '2017'
'Grace McIntosh', '2012', '2014'
'Bonita Porter', '2011', '2016'
'Lynn McCabe', '2016', '2020'
'William Wall', '2015', '2017'
'Kelley Swift', '2015', '2018'
'Bert Leach', '2012', '2013'
'Stella Curtis', '2016', '2017'
'Toni Castillo', '2010', '2014'
'Darrell Hoover', '2011', '2018'
'Sherri Cummins', '2013', '2017'
'Valerie Wilcox', '2012', '2015'
'Mario Richards', '2010', '2013'
'Stefanie Freeman', '2014', '2019'
'Anna Donahue', '2013', '2014'
'Gerardo Cain', '2010', '2021'
'Alberta Hebert', '2015', '2017'
'Jamie Lacy', '2018', '2019'
'Tina Snider', '2015', '2019'
'Oscar Santos', '2012', '2014'
'Jodie Douglass', '2018', '2019'
'Jill Shepherd', '2011', '2021'
'Aurora Owens', '2014', '2021'
'Lindsay Santos', '2012', '2019'
'Lindsay Santos', '2012', '2013'
'Peggy Gordon', '2013', '2017'
'Katherine Lawrence', '2011', '2018'
'Deanna Campos', '2016', '2017'
'Hubert Good', '2010', '2015'
'Stella Anderson', '2010', '2012'
'Matthew Sheppard', '2011', '2019'
'Vanessa O'Neal', '2011', '2020'
'Andrea Cornell', '2012', '2021'
'Kenny Harper', '2016', '2021'
'Sherri Cummins', '2020', '2021'
'Marsha Gibbs', '2015', '2020'
'Melissa Strong', '2012', '2019'
'Patty Webster', '2017', '2019'
'Juana Ruiz', '2013', '2016'
'Peggy Gordon', '2012', '2020'
'Nellie Kramer', '2013', '2015'
'Antoinette Stuart', '2014', '2021'
'Jason Mason', '2011', '2018'
'Lydia Rose', '2010', '2016'
'Frances Schneider', '2017', '2019'
'Herman Cunningham', '2016', '2020'
'Richard Thayer', '2010', '2018'
'Lois Greene', '2018', '2021'
'Andy Solomon', '2016', '2019'
'Tyler Conklin', '2011', '2018'
'Bert Leach', '2019', '2020'
'Doug Starr', '2010', '2011'
'Katy Sherwood', '2017', '2021'
'Jodie Douglass', '2018', '2020'
'Leroy Hagan', '2016', '2018'
'Yvette Witt', '2016', '2021'
'Roderick Vance', '2011', '2021'
'Ella Maynard', '2013', '2014'
'Jose Levy', '2014', '2020'
'Lorna Shaffer', '2019', '2021'
'Donald Wallace', '2016', '2018'
'Stephanie Lee', '2011', '2018'
'Pauline Downs', '2015', '2018'
'Sherri Cummins', '2010', '2011'
'Marty McKenzie', '2011', '2015'
'Aurora Owens', '2015', '2018'
'Matthew Sheppard', '2012', '2016'
'Betsy Merrill', '2018', '2020'
'Rick McFarland', '2015', '2020'
'Marty McKenzie', '2010', '2013'
'Monica Eddy', '2014', '2017'
'Fran Lord', '2011', '2012'
'Rodney Munoz', '2010', '2011'
'Rochelle Holmes', '2020', '2021'
'Noel Sanders', '2010', '2015'
'Graciela Quick', '2011', '2015'
'Hubert Good', '2018', '2020'
'Katy Sherwood', '2011', '2021'
'Gretchen Zimmerman', '2017', '2020'
'Vince Hays', '2010', '2015'
'Edwin Hale', '2017', '2018'
'Jasmine Mills', '2010', '2017'
'Arnold Post', '2010', '2013'
'Shelley Wolfe', '2013', '2015'
'Tara Blackburn', '2014', '2020'
'Katherine Lawrence', '2019', '2020'
'Sherri Cummins', '2013', '2019'
'Jodie Douglass', '2010', '2012'
'Donald Wallace', '2013', '2019'
'Luis Wheeler', '2010', '2020'
'Roberta Wise', '2015', '2017'
'Cary Barnett', '2016', '2021'
'Herman Cunningham', '2012', '2017'
'Cheryl Levy', '2013', '2019'
'Rose Cummings', '2011', '2012'
'Rosalie Buck', '2011', '2021'
'Jordan Garner', '2012', '2021'
'Norma Frank', '2012', '2021'
'Mabel Logan', '2016', '2018'
'Kara Smith', '2018', '2019'
'Lorena Christensen', '2011', '2016'
'Franklin Mendoza', '2016', '2020'
'Claudia Kent', '2011', '2020'
'Hector Davenport', '2013', '2015'
'Ellen Newman', '2010', '2018'
'Sam Haynes', '2010', '2019'
'Rosalie Buck', '2010', '2015'
'Rose Cummings', '2012', '2019'
'Rodney Cobb', '2020', '2021'
'Jordan Garner', '2015', '2021'
'Bonita Porter', '2018', '2019'
'Derrick Fox', '2010', '2017'
'Benjamin Bean', '2012', '2021'
'Tom Chambers', '2013', '2019'
'Nora Denton', '2010', '2014'
'Daryl Pearson', '2012', '2017'
'Katherine Lawrence', '2016', '2017'
'Gretchen Meyers', '2012', '2014'
'Shawn FitzPatrick', '2011', '2017'
'Kristi Sargent', '2011', '2018'
'Yvette Witt', '2015', '2021'
'Miriam McCormick', '2011', '2018'
'Tyrone Costa', '2015', '2020'
'Jordan Frey', '2018', '2019'
'Luis Wheeler', '2011', '2019'
'Sandra Dean', '2017', '2020'
'Taylor Olson', '2013', '2017'
'Marlene Ali', '2012', '2021'
'Diana Kline', '2011', '2013'
'Morris Dennis', '2011', '2021'
'Clay Wiggins', '2017', '2018'
'Jessie Haas', '2018', '2020'
'Sam Haynes', '2012', '2015'
'Fernando Burgess', '2013', '2017'
'Joel Green', '2010', '2011'
'Sarah Merritt', '2016', '2021'
'Gale Ferrell', '2011', '2016'
'Leroy Hagan', '2011', '2015'
'Morris Dennis', '2010', '2015'
'Leroy Hagan', '2018', '2019'
'Isaac Curran', '2013', '2019'
'Cassandra Jones', '2016', '2021'
'Lois Greene', '2016', '2021'
'Stuart Roberts', '2011', '2014'
'Mario Richards', '2010', '2020'
'Kathleen Sims', '2012', '2020'
'Trisha Krause', '2012', '2013'
'Young Jacobs', '2014', '2017'
'Rebekah Shepard', '2019', '2020'
'Kathy Brewer', '2010', '2018'
'Jessie Haas', '2010', '2013'
'Alyssa Douglas', '2011', '2018'
'Joshua Castro', '2015', '2020'
'Charlotte Crowley', '2010', '2020'
'Juana Ruiz', '2010', '2020'
'Pauline Downs', '2011', '2015'
'June Riddle', '2010', '2021'
'Christopher Buck', '2013', '2017'
'Rodney Burns', '2011', '2018'
'Diana Kline', '2013', '2020'
'Cary Barnett', '2015', '2019'
'Cody Schaefer', '2016', '2021'
'Joanna Fulton', '2012', '2015'
'Oscar Santos', '2011', '2015'
'Mario Richards', '2018', '2019'
'Margie Darling', '2015', '2018'
'Ben Albert', '2016', '2019'
'June Riddle', '2012', '2020'
'Sherri Cummins', '2016', '2020'
'Graciela Quick', '2013', '2014'
'Mario Parks', '2011', '2021'
'Bryan Whitney', '2014', '2015'
'Bruce Ferguson', '2010', '2017'
'Nell Lacy', '2012', '2014'
'Flora Harrington', '2011', '2020'
'Shawn FitzPatrick', '2014', '2017'
'Peggy Gordon', '2011', '2015'
'Rodney Burns', '2011', '2014'
'Ellen Newman', '2014', '2015'
'Hector Davenport', '2013', '2016'
'Casey Jenkins', '2013', '2019'
'Marty McKenzie', '2015', '2019'
'Johnnie Boyle', '2010', '2013'
'Valerie Wilcox', '2010', '2014'
'Kris Dale', '2013', '2015'
'Casey Jenkins', '2010', '2012'
'Lonnie Lester', '2010', '2011'
'Flora Harrington', '2015', '2016'
'Bud Abbott', '2013', '2020'
'Myra Christian', '2010', '2017'
'Mario Parks', '2014', '2015'
'Freddie Bradshaw', '2017', '2019'
'Hector Davenport', '2016', '2017'
'Bryan Whitney', '2010', '2020'
'Bonita Porter', '2012', '2017'
'Inez Alexander', '2011', '2020'
'Shirley Powers', '2012', '2015'
'Laura Gregory', '2010', '2014'
'Leigh Middleton', '2019', '2021'
'Vince Hays', '2010', '2021'
'Joey Beard', '2010', '2019'
'Rebekah Neal', '2012', '2017'
'Toni Castillo', '2015', '2020'
'Rosemarie Shelton', '2016', '2018'
'Dick Short', '2017', '2018'
'Sarah Merritt', '2014', '2015'
'Valerie Wilcox', '2014', '2020'
'Roderick McGowan', '2016', '2020'
'Rebekah Shepard', '2011', '2016'
'Saul Bowers', '2013', '2019'
'Lynn McCabe', '2012', '2019'
'Dick Short', '2011', '2021'
'Matthew Sheppard', '2012', '2021'
'Kristi Sargent', '2018', '2019'
'Kirk Dudley', '2012', '2020'
'Lee Sexton', '2010', '2016'
'Deanna Middleton', '2011', '2021'
'Kris Dale', '2013', '2019'
'Debbie Conley', '2012', '2016'
'Margie Darling', '2011', '2015'
'Clay Wiggins', '2015', '2019'
'Linda Church', '2011', '2018'
'Felicia Waller', '2018', '2021'
'John Giles', '2011', '2020'
'Jamie Lacy', '2014', '2018'
'Clay Wiggins', '2011', '2018'
'Stella Anderson', '2015', '2021'
'Tyler Conklin', '2010', '2018'
'Fran Lord', '2020', '2021'
'Joel Green', '2010', '2020'
'Grace McIntosh', '2014', '2016'
'Bud Abbott', '2011', '2015'
'Marty McKenzie', '2018', '2019'
'Shelley Wolfe', '2010', '2015'
'Rodney Burns', '2012', '2016'
'Krystal Hubbard', '2018', '2021'
'Hector Davenport', '2017', '2020'
'Tonya Baker', '2014', '2018'
'Bert Leach', '2011', '2012'
'Vince Wilder', '2012', '2021'
'Marsha Gibbs', '2013', '2018'
'Stella Anderson', '2014', '2020'
'Derrick Stevens', '2010', '2012'
'Stella Curtis', '2012', '2017'
'Lonnie Lester', '2014', '2016'
'Jonathan Frost', '2013', '2015'
'Helen Keith', '2010', '2012'
'Nell Lacy', '2011', '2014'
'Vince Wilder', '2017', '2019'
'Dean Alexander', '2014', '2021'
'Fran Lord', '2010', '2011'
'Rochelle Holmes', '2018', '2021'
'Franklin Mendoza', '2011', '2017'
